City,Country,Lat,Lng,Max Temp,Humidity,Cloudiness,Wind Speed,Current Description
Chokurdakh,RU,70.63,147.92,54.0,52,55,8.21,broken clouds
Freetown,SL,8.48,-13.23,77.23,86,100,6.73,light rain
Leningradskiy,RU,69.38,178.42,34.93,93,100,14.92,overcast clouds
Bredasdorp,ZA,-34.53,20.04,40.32,93,0,3.44,clear sky
Ponta Delgada,PT,37.73,-25.67,72.32,88,20,13.8,few clouds
Ushuaia,AR,-54.80,-68.30,38.86,65,40,31.07,scattered clouds
Dakar,SN,14.69,-17.44,82.53,78,75,6.91,broken clouds
La Libertad,EC,-2.23,-80.90,73.06,78,75,10.36,broken clouds
Kahului,US,20.89,-156.47,85.96,76,40,20.71,scattered clouds
Tuktoyaktuk,CA,69.45,-133.04,51.8,66,75,11.5,broken clouds
Esperance,AU,-33.87,121.90,40.84,80,76,17.94,broken clouds
Jamestown,US,42.10,-79.24,80.19,82,90,5.99,overcast clouds
Nikolskoye,RU,59.70,30.79,60.03,88,30,1.74,scattered clouds
Davidson,US,36.15,-86.78,96.03,50,40,5.99,scattered clouds
Namyslow,PL,51.08,17.72,60.51,92,21,3.15,few clouds
Cayenne,GF,4.93,-52.33,75.24,91,75,1.14,light rain
New Norfolk,AU,-42.78,147.06,55.92,72,100,3.0,overcast clouds
Hobart,AU,-42.88,147.33,56.26,67,75,7.0,broken clouds
Rikitea,PF,-23.12,-134.97,70.56,66,23,14.0,few clouds
Barrow,US,71.29,-156.79,37.42,83,90,9.22,light rain
Puerto Ayora,EC,-0.74,-90.35,73.36,93,85,7.0,overcast clouds
Flinders,AU,-34.58,150.86,58.05,66,0,9.48,clear sky
Bluff,NZ,-46.60,168.33,43.81,85,17,11.23,few clouds
Mahebourg,MU,-20.41,57.70,68.29,100,75,3.44,light rain
Khatanga,RU,71.97,102.50,50.63,85,91,14.88,overcast clouds
Port Elizabeth,ZA,-33.92,25.57,53.89,87,40,8.05,scattered clouds
Georgetown,MY,5.41,100.34,80.89,85,40,3.44,scattered clouds
Haines Junction,CA,60.75,-137.51,64.35,42,91,5.75,overcast clouds
Bethel,US,41.37,-73.41,81.7,84,73,7.25,broken clouds
Asfi,MA,32.30,-9.24,68.18,89,20,3.24,few clouds
Vanimo,PG,-2.67,141.30,77.25,86,95,3.85,overcast clouds
Wanning,CN,18.80,110.40,81.81,90,100,8.57,overcast clouds
Chuy,UY,-33.70,-53.46,46.11,83,55,8.55,broken clouds
Evensk,RU,61.95,159.23,58.15,71,70,4.12,broken clouds
Mataura,NZ,-46.19,168.86,43.48,94,27,3.4,scattered clouds
Faanui,PF,-16.48,-151.75,79.16,72,36,14.9,scattered clouds
Albany,US,42.60,-73.97,84.15,72,71,1.01,broken clouds
Yumen,CN,40.28,97.20,65.12,48,77,3.98,broken clouds
Alekseyevka,RU,50.63,38.69,76.17,40,99,9.98,moderate rain
Saint-Leu,RE,-21.15,55.28,67.06,84,13,9.06,few clouds
Mar Del Plata,AR,-38.00,-57.56,48.22,53,0,4.61,clear sky
Pishva,IR,35.31,51.73,87.01,20,6,4.27,clear sky
Anchorage,US,61.22,-149.90,57.97,87,90,5.75,moderate rain
Hobyo,SO,5.35,48.53,76.66,77,68,22.91,broken clouds
Trollhattan,SE,58.23,12.42,58.48,96,90,3.0,overcast clouds
Hermanus,ZA,-34.42,19.23,49.89,71,0,3.53,clear sky
Lososina,RU,49.00,140.31,58.75,60,0,4.18,clear sky
Cape Town,ZA,-33.93,18.42,50.11,93,0,4.61,clear sky
Asau,RO,46.43,26.40,65.32,85,4,3.76,light rain
Pevek,RU,69.70,170.31,37.08,85,76,10.96,broken clouds
Kargil,IN,34.57,76.10,58.08,52,85,3.56,overcast clouds
East London,ZA,-33.02,27.91,56.34,68,0,12.59,clear sky
Abaza,RU,52.66,90.09,56.88,96,90,2.28,overcast clouds
Tarata,BO,-17.62,-66.02,74.62,47,38,8.1,scattered clouds
Lebu,CL,-37.62,-73.65,47.7,75,0,19.69,clear sky
Punta Arenas,CL,-53.15,-70.92,39.31,70,40,11.5,scattered clouds
Puyang,CN,29.46,119.89,77.31,97,100,1.92,overcast clouds
Muravlenko,RU,63.79,74.52,47.77,81,16,10.69,few clouds
Hambantota,LK,6.12,81.12,79.14,94,20,10.36,few clouds
Paramonga,PE,-10.67,-77.83,64.65,77,10,12.28,clear sky
Rethimnon,GR,35.36,24.47,87.85,43,0,1.52,clear sky
Atar,MR,20.52,-13.05,90.84,16,5,10.92,clear sky
Chara,RU,56.91,118.26,59.47,83,98,0.04,overcast clouds
Pinawa,CA,50.15,-95.88,74.64,44,97,12.33,overcast clouds
Palmer,US,42.16,-72.33,79.77,74,75,3.0,broken clouds
Hilo,US,19.73,-155.09,84.25,85,90,6.91,overcast clouds
Qaanaaq,GL,77.48,-69.36,44.65,58,100,7.99,overcast clouds
Saint-Joseph,RE,-21.37,55.62,66.58,84,30,5.82,scattered clouds
Bubaque,GW,11.28,-15.83,80.46,78,100,10.74,overcast clouds
Vaini,TO,-21.20,-175.20,69.96,78,75,11.5,broken clouds
Hasaki,JP,35.73,140.83,75.6,81,88,8.7,overcast clouds
Singkang,MY,2.10,102.80,78.69,93,98,2.64,overcast clouds
Salinas,US,36.68,-121.66,95.22,55,1,13.8,clear sky
Sarahan,IN,31.52,77.80,60.58,90,20,0.92,few clouds
Ardesen,TR,41.19,40.99,71.56,85,100,6.35,overcast clouds
Springfield,US,37.22,-93.30,95.9,56,1,7.0,clear sky
Daur,PK,26.46,68.32,84.11,63,39,9.53,scattered clouds
Fort-Shevchenko,KZ,44.51,50.26,88.07,35,8,6.33,clear sky
Yellowknife,CA,62.46,-114.35,57.72,58,90,12.66,overcast clouds
Kruisfontein,ZA,-34.00,24.73,49.28,49,0,6.26,clear sky
West Norriton,US,40.13,-75.38,93.31,62,90,1.99,overcast clouds
Luderitz,NA,-26.65,15.16,61.86,53,29,1.61,scattered clouds
Tabou,CI,4.42,-7.35,76.5,83,22,9.86,few clouds
Victoria,HK,22.29,114.16,85.32,86,100,4.83,light rain
San Jeronimo,PE,-11.95,-75.28,60.76,38,12,7.85,few clouds
Champerico,GT,14.30,-91.92,89.73,73,47,10.13,scattered clouds
Plainview,US,40.78,-73.47,85.73,83,90,1.01,overcast clouds
Curup,ID,-3.47,102.53,67.01,98,100,2.91,overcast clouds
Harindanga,IN,22.04,88.32,85.98,81,100,8.01,overcast clouds
Iqaluit,CA,63.75,-68.51,47.93,71,75,12.66,light rain
Hithadhoo,MV,-0.60,73.08,80.37,72,100,3.18,overcast clouds
Kabare,CD,-2.47,28.82,62.74,88,96,1.5,light rain
Humberto De Campos,BR,-2.60,-43.46,77.74,85,18,5.3,few clouds
Amboasary,MG,-25.03,46.38,62.44,79,0,5.79,clear sky
Khandyga,RU,62.67,135.60,67.6,52,88,2.82,overcast clouds
Moree,AU,-29.47,149.85,55.42,76,90,12.66,overcast clouds
The Valley,AI,18.22,-63.06,83.1,83,40,18.41,scattered clouds
Esna,EG,25.29,32.55,89.42,24,1,8.16,clear sky
Ilulissat,GL,69.22,-51.10,55.42,44,40,5.75,light intensity drizzle
Gornopravdinsk,RU,60.05,69.90,54.43,79,100,9.53,overcast clouds
Grindavik,IS,63.84,-22.43,57.15,94,0,5.75,clear sky
Caxito,AO,-8.58,13.66,74.05,91,22,1.52,few clouds
Geraldton,AU,-28.77,114.60,48.61,87,75,8.05,broken clouds
Gouyave,GD,12.16,-61.73,84.97,74,20,16.11,few clouds
Pozo Colorado,PY,-23.49,-58.80,55.9,69,100,8.12,overcast clouds
Ponta Do Sol,PT,32.67,-17.10,72.23,80,65,2.84,broken clouds
Sioux Lookout,CA,50.10,-91.92,75.58,49,40,13.8,scattered clouds
Thompson,CA,55.74,-97.86,66.36,72,75,9.22,broken clouds
Ternate,ID,0.80,127.40,78.82,81,16,3.71,few clouds
Alta Floresta,BR,-9.88,-56.09,83.61,26,2,1.86,clear sky
Cidreira,BR,-30.18,-50.21,56.07,91,100,11.7,overcast clouds
Nouadhibou,MR,20.93,-17.03,71.58,73,0,19.57,clear sky
Shawville,CA,45.60,-76.48,85.68,70,76,9.17,broken clouds
Manjeshwar,IN,12.72,74.89,77.95,89,86,4.32,overcast clouds
Itarema,BR,-2.92,-39.92,79.39,81,0,17.54,clear sky
Tuatapere,NZ,-46.13,167.68,44.82,91,46,6.73,scattered clouds
Peranamallur,IN,12.57,79.43,84.97,60,99,6.64,overcast clouds
Castro,BR,-24.79,-50.01,62.78,57,70,3.15,broken clouds
Altus,US,34.64,-99.33,100.96,35,1,4.0,clear sky
Bambanglipuro,ID,-7.95,110.28,74.26,81,60,11.65,broken clouds
Port Alfred,ZA,-33.59,26.89,55.76,73,0,12.33,clear sky
Marawi,PH,8.00,124.29,65.64,92,92,3.09,overcast clouds
Bambous Virieux,MU,-20.34,57.76,68.25,100,75,3.44,light rain
Kapaa,US,22.08,-159.32,84.52,70,20,1.01,few clouds
Rezh,RU,57.37,61.40,50.67,88,67,5.7,broken clouds
Toamasina,MG,-18.17,49.38,64.4,94,40,2.3,scattered clouds
Chernyshevskiy,RU,63.01,112.47,59.09,70,99,1.66,overcast clouds
Varhaug,NO,58.61,5.65,58.78,85,16,3.36,few clouds
Roald,NO,62.58,6.13,61.9,94,90,2.3,overcast clouds
Katherine,AU,-14.47,132.27,68.32,73,63,3.44,broken clouds
Innisfail,AU,-17.53,146.03,67.82,90,90,4.63,overcast clouds
Shibetsu,JP,43.66,145.13,56.01,92,100,16.69,light rain
Omboue,GA,-1.57,9.26,75.52,81,14,8.14,few clouds
Rohtak,IN,28.90,76.57,82.49,59,8,5.59,clear sky
Coffs Harbour,AU,-30.30,153.13,55.36,82,0,4.61,clear sky
Los Llanos De Aridane,ES,28.66,-17.92,69.55,96,0,4.61,clear sky
Airai,TL,-8.93,125.41,56.37,84,69,3.06,broken clouds
Porto Novo,BJ,6.50,2.60,76.82,88,71,7.16,broken clouds
Suicheng,CN,33.90,117.93,72.88,96,86,5.95,light rain
Norman Wells,CA,65.28,-126.83,55.44,76,90,11.5,light rain
Paris,FR,48.85,2.35,70.3,77,90,6.91,overcast clouds
Klaksvik,FO,62.23,-6.59,49.12,87,99,4.03,overcast clouds
Kawalu,ID,-7.38,108.21,69.33,96,66,0.87,broken clouds
Gariaband,IN,20.64,82.06,74.79,93,100,4.5,overcast clouds
Shimanovsk,RU,52.00,127.70,59.56,77,100,3.71,overcast clouds
Vila Franca Do Campo,PT,37.72,-25.43,72.01,89,11,5.28,few clouds
Rawah,IQ,34.48,41.91,90.09,23,0,5.86,clear sky
Port-Cartier,CA,50.03,-66.87,64.62,87,100,4.74,overcast clouds
Ancud,CL,-41.87,-73.82,51.42,83,82,2.62,broken clouds
Axim,GH,4.87,-2.24,76.3,87,3,6.4,clear sky
Franklin,US,39.97,-83.02,87.44,72,75,1.01,broken clouds
Eenhana,NA,-17.47,16.33,65.95,21,0,7.27,clear sky
Cabra,ES,37.47,-4.44,87.91,58,54,1.01,broken clouds
Jackson,US,42.42,-122.83,95.18,22,90,3.44,smoke
Panchgani,IN,17.92,73.82,63.12,96,99,4.52,overcast clouds
Pedras De Fogo,BR,-7.40,-35.12,74.03,94,41,6.55,scattered clouds
Karnal,IN,29.68,76.98,83.41,70,9,5.59,clear sky
Porto Walter,BR,-8.27,-72.74,88.25,43,78,2.46,broken clouds
Taoudenni,ML,22.68,-3.98,100.04,21,9,8.63,clear sky
San Cristobal,VE,7.77,-72.22,80.78,64,87,5.19,overcast clouds
Katsuura,JP,35.13,140.30,82.51,80,58,7.34,broken clouds
Mayo,US,38.89,-76.51,93.47,75,1,7.0,clear sky
San Patricio,US,28.02,-97.52,95.09,48,0,17.78,clear sky
Codrington,AU,-38.27,141.97,48.94,81,100,15.79,light rain
Rylsk,RU,51.57,34.68,72.0,52,100,10.42,light rain
Ferkessedougou,CI,9.60,-5.20,73.22,93,79,2.84,moderate rain
Alofi,NU,-19.06,-169.92,75.09,83,75,12.66,broken clouds
Candelaria,PH,13.93,121.42,75.76,93,100,0.83,overcast clouds
Waddan,LY,29.16,16.14,85.78,34,0,10.8,clear sky
Cabo San Lucas,MX,22.89,-109.91,84.06,84,90,3.0,overcast clouds
Muisne,EC,0.60,-80.03,80.71,82,99,12.41,overcast clouds
Busselton,AU,-33.65,115.33,43.09,74,100,11.72,overcast clouds
Road Town,VG,18.42,-64.62,81.19,89,40,14.97,scattered clouds
Nelson Bay,AU,-32.72,152.15,53.11,83,0,7.7,clear sky
Mangai,CD,-4.05,19.53,82.06,36,62,1.16,broken clouds
Barguzin,RU,53.62,109.62,57.56,90,84,4.83,broken clouds
Kapit,MY,2.02,112.93,72.48,99,98,0.6,overcast clouds
Avera,US,33.19,-82.53,92.71,51,100,4.88,light rain
Toora-Khem,RU,52.47,96.11,53.33,92,97,0.96,overcast clouds
Ribeira Grande,PT,38.52,-28.70,72.9,86,17,9.28,few clouds
Lagoa,PT,39.05,-27.98,71.96,87,4,14.67,clear sky
Ulladulla,AU,-35.35,150.47,59.88,57,0,8.5,clear sky
Pirmasens,DE,49.20,7.61,64.8,90,75,1.1,broken clouds
Butaritari,KI,3.07,172.79,83.84,63,20,13.69,few clouds
Jieshi,CN,22.81,115.83,81.28,88,100,4.38,overcast clouds
Kodiak,US,57.79,-152.41,65.71,45,1,9.22,clear sky
Kaeo,NZ,-35.10,173.78,54.32,89,35,4.74,scattered clouds
Mehamn,NO,71.04,27.85,57.11,90,100,5.86,overcast clouds
Maria Chiquita,PA,9.44,-79.76,84.16,80,81,5.97,broken clouds
Katangli,RU,51.71,143.23,57.63,80,1,8.12,clear sky
Pokhara,NP,28.23,83.98,72.9,94,100,3.09,overcast clouds
Beaverlodge,CA,55.22,-119.44,65.55,47,98,21.03,overcast clouds
Dezful,IR,32.38,48.41,94.48,15,0,2.86,clear sky
Frontera,MX,26.93,-101.45,96.6,29,90,9.04,overcast clouds
Ahipara,NZ,-35.17,173.17,56.46,74,40,8.86,scattered clouds
Hibbing,US,47.43,-92.94,82.85,34,20,10.36,few clouds
Samarai,PG,-10.62,150.67,78.21,86,43,17.05,scattered clouds
Souillac,MU,-20.52,57.52,68.38,100,75,3.44,light rain
Maceio,BR,-9.67,-35.74,76.44,83,75,8.05,broken clouds
Tarakan,ID,3.30,117.63,78.3,89,20,3.44,few clouds
Guerrero Negro,MX,27.98,-114.06,85.01,48,5,12.15,clear sky
Saskylakh,RU,71.92,114.08,56.52,80,79,4.5,broken clouds
Sabha,LY,27.04,14.43,90.81,19,0,16.24,clear sky
Roros,NO,62.57,11.38,53.44,94,90,3.44,overcast clouds
Zhoucheng,CN,35.91,116.31,74.41,92,26,1.66,scattered clouds
Richards Bay,ZA,-28.78,32.04,56.23,87,18,4.79,few clouds
Grand Forks,US,47.94,-97.43,83.93,32,20,11.5,few clouds
Plastun,RU,44.76,136.29,55.54,92,100,5.93,overcast clouds
Avarua,CK,-21.21,-159.78,78.85,78,3,6.91,clear sky
Rio Gallegos,AR,-51.62,-69.22,42.85,45,40,18.41,scattered clouds
Shingu,JP,33.73,135.98,79.92,76,100,3.65,light rain
Sola,VU,-13.88,167.55,77.67,83,75,8.05,broken clouds
Fortuna,US,40.60,-124.16,91.42,67,1,1.99,clear sky
Sakaiminato,JP,35.55,133.23,71.58,94,75,3.44,broken clouds
Machali,CL,-34.18,-70.67,63.68,29,0,8.05,haze
Torbay,CA,47.67,-52.73,66.97,67,75,11.5,broken clouds
Chapleau,CA,47.84,-83.40,77.09,73,75,8.05,broken clouds
Provideniya,RU,64.38,-173.30,48.31,66,90,6.71,overcast clouds
Dikson,RU,73.51,80.55,40.08,94,100,18.9,overcast clouds
Mozarlandia,BR,-14.74,-50.57,82.96,26,79,1.41,broken clouds
Goderich,CA,43.75,-81.72,81.91,83,49,12.66,scattered clouds
Belmonte,BR,-15.86,-38.88,73.9,82,23,8.97,few clouds
Gazanjyk,TM,39.24,55.52,87.4,16,0,9.44,clear sky
Sangmelima,CM,2.93,11.98,70.16,89,99,5.12,overcast clouds
Bulawayo,ZW,-20.15,28.58,51.82,76,36,13.31,scattered clouds
Moindou,NC,-21.69,165.68,67.95,54,2,6.15,clear sky
Isangel,VU,-19.55,169.27,68.11,77,75,4.61,broken clouds
Bonavista,CA,48.65,-53.11,71.6,70,32,15.61,scattered clouds
Jamui,IN,24.92,86.22,82.62,86,100,4.63,overcast clouds
Mahina,PF,-17.51,-149.49,80.37,74,75,5.75,light rain
Kirakira,SB,-10.45,161.92,80.73,82,33,13.82,scattered clouds
Walvis Bay,NA,-22.96,14.51,59.09,88,92,13.8,overcast clouds
Snezhnogorsk,RU,69.19,33.25,58.78,89,99,7.63,overcast clouds
Tukrah,LY,32.53,20.58,80.02,83,0,7.58,clear sky
Gazojak,TM,41.19,61.40,79.34,28,0,9.71,clear sky
Saint-Pierre,RE,-21.34,55.48,67.68,88,90,8.05,light rain
Niquelandia,BR,-14.47,-48.46,77.68,31,38,2.3,scattered clouds
Lisakovsk,KZ,52.54,62.49,55.58,90,60,8.75,broken clouds
Severodvinsk,RU,64.56,39.83,64.51,97,60,7.18,light rain
Gat,IL,31.61,34.76,81.39,75,0,2.86,clear sky
Isilkul,RU,54.91,71.27,54.46,98,80,10.31,broken clouds
Noumea,NC,-22.28,166.46,67.98,72,77,14.65,broken clouds
Neiafu,TO,-18.65,-173.98,75.88,83,75,13.8,light rain
Tiznit,MA,29.58,-9.50,62.83,81,84,3.91,broken clouds
Nalut,LY,30.33,10.85,89.62,16,0,13.51,clear sky
Lorengau,PG,-2.02,147.27,81.07,79,100,2.98,overcast clouds
Tasiilaq,GL,65.61,-37.64,51.96,95,100,7.25,overcast clouds
Yabelo,ET,4.88,38.08,64.26,59,94,7.72,overcast clouds
Dudinka,RU,69.41,86.18,45.05,80,100,7.11,overcast clouds
San Quintin,MX,30.48,-115.95,76.64,66,1,12.26,clear sky
Upernavik,GL,72.79,-56.15,45.61,77,100,1.97,overcast clouds
Lasa,IT,46.62,10.70,63.63,83,18,3.04,few clouds
Paamiut,GL,61.99,-49.67,44.98,76,100,4.07,overcast clouds
Ocos,GT,14.51,-92.19,91.9,71,27,9.01,scattered clouds
Port Lincoln,AU,-34.73,135.87,55.56,79,100,20.56,light rain
Saint-Philippe,RE,-21.36,55.77,67.59,83,27,7.58,scattered clouds
Hofn,IS,64.25,-15.21,50.86,87,59,7.4,broken clouds
Yarmouth,US,41.71,-70.23,78.12,86,40,3.0,scattered clouds
Hovd,MN,48.01,91.64,65.88,42,100,7.54,overcast clouds
Broken Hill,AU,-31.95,141.43,62.31,22,0,16.11,clear sky
Oussouye,SN,12.48,-16.55,82.58,81,93,6.33,overcast clouds
Otjimbingwe,NA,-22.35,16.13,63.52,26,30,2.39,scattered clouds
Soubre,CI,5.79,-6.61,72.72,97,91,2.95,light rain
Russell,US,32.35,-85.20,85.28,43,92,4.05,overcast clouds
San Andres,CO,12.58,-81.70,87.82,70,40,13.8,scattered clouds
Paine,CL,-33.82,-70.75,69.3,41,0,2.77,clear sky
Namibe,AO,-15.20,12.15,68.32,84,80,6.06,broken clouds
Qingdao,CN,36.10,120.37,73.0,100,38,2.24,mist
Arraial Do Cabo,BR,-22.97,-42.03,71.56,83,0,8.05,clear sky
Nigran,ES,42.14,-8.81,75.4,83,0,8.05,clear sky
Puerto Baquerizo Moreno,EC,-0.90,-89.60,74.39,69,75,13.8,broken clouds
Tonj,SS,7.27,28.68,70.83,95,100,2.86,overcast clouds
Atuona,PF,-9.80,-139.03,77.88,69,17,21.03,few clouds
Pangody,RU,65.85,74.49,45.05,87,6,8.25,clear sky
Shimoda,JP,34.67,138.95,80.01,75,62,7.23,broken clouds
Guatire,VE,10.48,-66.54,77.2,96,85,0.54,overcast clouds
Dingle,PH,11.00,122.67,73.89,88,100,0.87,overcast clouds
Touros,BR,-5.20,-35.46,77.9,81,10,14.36,clear sky
Port Hedland,AU,-20.32,118.57,68.05,42,0,14.97,clear sky
Luena,AO,-11.78,19.92,58.75,28,0,3.69,clear sky
Bathsheba,BB,13.22,-59.52,83.01,78,20,6.91,few clouds
Fukue,JP,32.69,128.84,75.18,86,100,4.56,heavy intensity rain
Toyooka,JP,35.53,134.83,71.71,81,87,1.79,overcast clouds
Cairns,AU,-16.92,145.77,71.55,86,30,11.5,scattered clouds
Labytnangi,RU,66.66,66.42,50.25,83,77,2.86,broken clouds
Calca,PE,-13.33,-71.95,63.75,49,18,8.59,few clouds
Talcahuano,CL,-36.72,-73.12,55.08,67,0,11.5,clear sky
Minab,IR,27.15,57.08,90.9,73,17,1.28,few clouds
Faya,SA,18.39,42.45,70.32,60,53,2.53,broken clouds
Tessalit,ML,20.20,1.01,86.61,43,77,7.34,broken clouds
Zhigansk,RU,66.77,123.37,60.93,84,90,5.46,overcast clouds
Havoysund,NO,71.00,24.66,63.48,83,100,8.16,overcast clouds
Saint George,US,37.10,-113.58,104.47,18,1,7.0,clear sky
Shache,CN,38.42,77.24,77.49,21,13,7.78,few clouds
Mega,ET,4.05,38.30,62.62,63,30,10.11,scattered clouds
Okitipupa,NG,6.50,4.78,73.15,96,99,2.77,overcast clouds
Zimovniki,RU,47.15,42.46,77.09,58,98,3.44,moderate rain
Brae,GB,60.40,-1.35,53.51,95,100,8.99,overcast clouds
Cherdakly,RU,54.36,48.84,69.75,78,26,8.95,scattered clouds
Manaure,CO,11.78,-72.44,88.83,57,96,14.14,overcast clouds
Labuhan,ID,-6.88,112.21,74.12,82,73,8.77,broken clouds
Gayeri,BF,12.65,0.49,80.98,69,100,7.25,overcast clouds
Saldanha,ZA,-33.01,17.94,46.45,73,0,11.23,clear sky
Vagay,RU,57.94,69.02,55.33,96,100,9.95,light rain
Nueve De Julio,AR,-35.44,-60.88,43.77,55,0,2.24,clear sky
Trinidad,BO,-14.83,-64.90,84.18,45,14,6.91,few clouds
Bonthe,SL,7.53,-12.51,78.13,83,100,7.16,overcast clouds
Tadine,NC,-21.55,167.88,68.65,61,94,19.8,overcast clouds
Marsh Harbour,BS,26.54,-77.06,84.18,69,2,11.81,clear sky
Balta,UA,47.94,29.62,66.85,65,4,9.01,clear sky
Carutapera,BR,-1.20,-46.02,77.38,85,47,6.02,light rain
Namatanai,PG,-3.67,152.43,81.64,72,14,6.08,few clouds
Vardo,NO,70.37,31.11,58.75,96,99,6.85,overcast clouds
Takoradi,GH,4.88,-1.76,75.81,87,3,7.18,clear sky
Santana Do Livramento,BR,-30.89,-55.53,49.39,85,99,7.99,overcast clouds
Nanortalik,GL,60.14,-45.24,47.77,62,66,5.64,broken clouds
Biak,ID,-0.91,122.88,75.04,86,75,6.06,broken clouds
Sosnovo-Ozerskoye,RU,52.52,111.54,55.22,94,100,4.83,overcast clouds
Elizabeth City,US,36.29,-76.25,93.02,69,1,5.75,clear sky
Cacahuatepec,MX,16.89,-99.61,82.18,87,31,5.66,scattered clouds
Boden,SE,65.83,21.69,60.8,97,28,3.38,scattered clouds
Ornskoldsvik,SE,63.29,18.72,58.82,100,75,2.3,broken clouds
Carnarvon,AU,-24.87,113.63,46.47,61,0,8.05,clear sky
Hami,CN,42.80,93.45,81.93,26,78,9.71,broken clouds
Assiniboia,CA,49.63,-105.98,60.71,88,100,11.5,overcast clouds
Yulara,AU,-25.24,130.99,60.64,44,90,10.36,overcast clouds
Pacific Grove,US,36.62,-121.92,94.8,72,1,5.99,clear sky
Caravelas,BR,-17.71,-39.25,68.95,84,9,5.41,clear sky
San Benito,US,36.62,-121.08,89.13,14,0,6.29,clear sky
Kwinana,AU,-32.25,115.77,44.94,66,99,13.11,overcast clouds
Tiksi,RU,71.69,128.87,64.58,62,99,13.51,overcast clouds
Omsukchan,RU,62.53,155.80,64.17,47,78,2.82,broken clouds
Suisun City,US,38.24,-122.04,106.45,20,1,0.0,clear sky
Ilebo,CD,-4.32,20.58,77.2,52,45,0.76,scattered clouds
Mangrol,IN,21.12,70.12,81.54,76,98,13.96,overcast clouds
Birao,CF,10.28,22.79,71.22,96,100,5.26,light rain
Wajima,JP,37.40,136.90,76.78,79,13,5.12,few clouds
Kalmunai,LK,7.42,81.82,80.08,77,99,3.31,overcast clouds
Rognan,NO,67.10,15.39,55.76,94,100,4.21,overcast clouds
Oktyabrskiy,RU,54.48,53.47,57.83,93,1,5.64,clear sky
Meadow Lake,US,34.80,-106.54,92.17,32,100,7.96,overcast clouds
Cap Malheureux,MU,-19.98,57.61,68.49,91,38,1.99,moderate rain
Kaitangata,NZ,-46.28,169.85,46.2,84,16,6.89,few clouds
Sitka,US,57.05,-135.33,58.89,77,90,13.8,mist
Saint-Augustin,CA,51.23,-58.65,69.4,77,100,14.03,overcast clouds
Gandu,BR,-13.74,-39.49,64.27,96,75,2.13,broken clouds
Rabo De Peixe,PT,37.80,-25.58,71.11,88,20,13.8,few clouds
Jonuta,MX,18.08,-92.13,92.25,32,87,5.77,overcast clouds
Chegdomyn,RU,51.12,133.02,53.64,75,42,0.87,scattered clouds
Camacha,PT,33.08,-16.33,69.22,83,40,10.36,scattered clouds
Cockburn Town,TC,21.46,-71.14,87.76,58,40,10.36,scattered clouds
Mount Isa,AU,-20.73,139.50,47.97,57,5,0.0,clear sky
Sinnamary,GF,5.38,-52.95,78.69,86,88,9.35,light rain
Skoghall,SE,59.32,13.47,54.16,100,68,1.14,broken clouds
Skjervoy,NO,70.03,20.97,55.29,91,62,5.79,broken clouds
Kalmar,SE,56.66,16.36,60.96,93,20,3.44,few clouds
Dhidhdhoo,MV,6.88,73.10,81.84,77,100,17.34,light rain
Pangnirtung,CA,66.15,-65.71,44.6,87,90,6.91,light rain
Kerman,IR,30.28,57.08,73.26,16,0,4.61,clear sky
La Palma,US,33.85,-118.05,105.12,51,20,5.99,few clouds
Bengkulu,ID,-3.80,102.27,74.57,91,99,4.7,overcast clouds
Rabat,MA,33.99,-6.84,72.81,93,75,5.75,broken clouds
Guanare,VE,9.04,-69.74,77.02,94,98,2.3,overcast clouds
Mitsamiouli,KM,-11.38,43.28,76.15,63,0,3.85,clear sky
Mikhaylovka,RU,50.06,43.24,84.7,24,99,15.35,overcast clouds
Sao Jose Da Coroa Grande,BR,-8.90,-35.15,74.37,90,23,10.18,few clouds
Ambilobe,MG,-13.20,49.05,70.27,87,96,1.39,overcast clouds
Tulum,MX,20.22,-87.47,87.98,68,73,7.99,broken clouds
Leua,SK,48.22,18.61,73.49,52,4,3.96,clear sky
Kenai,US,60.55,-151.26,64.02,63,1,19.57,clear sky
Pimentel,PE,-6.84,-79.93,70.09,77,0,4.0,clear sky
Labrea,BR,-7.26,-64.80,90.68,29,3,2.04,clear sky
Bandar-E Lengeh,IR,26.56,54.88,93.31,66,8,6.91,clear sky
Sorland,NO,67.67,12.69,55.29,91,100,5.44,overcast clouds
Khuzdar,PK,27.74,66.64,74.91,72,0,4.92,clear sky
Palauig,PH,15.44,119.90,79.59,81,100,4.56,light rain
Lamar,US,33.67,-95.58,95.52,54,20,17.27,few clouds
Napasar,IN,27.97,73.55,87.64,48,5,16.64,clear sky
Wewak,PG,-3.55,143.63,77.86,87,64,4.61,broken clouds
Kupang,ID,-10.17,123.58,75.78,78,20,9.22,few clouds
Buin,CL,-33.73,-70.75,68.32,41,0,2.26,clear sky
Pisco,PE,-13.70,-76.22,66.25,72,0,13.8,clear sky
Jilib,SO,0.49,42.79,73.27,83,42,9.06,scattered clouds
Sept-Iles,CA,50.20,-66.38,65.05,88,90,4.0,overcast clouds
Dunedin,NZ,-45.87,170.50,49.39,77,2,6.15,clear sky
Tautira,PF,-17.73,-149.15,80.62,82,72,16.6,light rain
Peleduy,RU,59.63,112.74,58.08,88,100,1.41,overcast clouds
Anadyr,RU,64.75,177.48,55.9,71,0,2.24,clear sky
Saint-Georges,GD,12.06,-61.75,85.68,74,20,16.11,few clouds
Sao Felix Do Xingu,BR,-6.64,-51.99,82.9,33,0,2.06,clear sky
Dzhubga,RU,44.32,38.70,73.56,86,70,3.94,light rain
Riviere-Au-Renard,CA,49.00,-64.40,75.49,86,100,5.86,overcast clouds
Asosa,ET,10.07,34.53,59.14,97,73,2.35,broken clouds
Jiaozuo,CN,35.24,113.23,74.93,83,56,4.7,broken clouds
Severo-Kurilsk,RU,50.68,156.12,55.72,75,2,5.26,clear sky
Coquimbo,CL,-29.95,-71.34,58.73,72,0,10.36,clear sky
Tindivanam,IN,12.25,79.65,82.31,73,100,12.12,overcast clouds
Sao Filipe,CV,14.90,-24.50,77.36,81,25,9.42,scattered clouds
Fano,IT,43.82,13.01,79.79,85,93,3.36,overcast clouds
Comodoro Rivadavia,AR,-45.87,-67.50,49.86,46,0,3.44,clear sky
Batagay-Alyta,RU,67.80,130.41,69.31,32,93,2.35,overcast clouds
Berezovyy,RU,51.67,135.70,58.75,68,0,0.89,clear sky
Midland,US,32.00,-102.08,98.49,33,1,10.36,clear sky
Vestmanna,FO,62.16,-7.17,47.32,100,90,1.14,overcast clouds
Ibra,OM,22.69,58.53,83.86,51,3,4.27,clear sky
Champasak,LA,14.75,106.00,74.32,100,100,3.71,overcast clouds
Ust-Nera,RU,64.57,143.20,71.46,43,81,5.86,broken clouds
Harper,LR,4.38,-7.72,77.02,80,75,11.05,broken clouds
Veraval,IN,20.90,70.37,81.61,76,99,13.73,overcast clouds
Sobolevo,RU,54.43,31.90,61.25,91,23,6.62,few clouds
Urumqi,CN,43.80,87.60,68.95,53,0,6.71,clear sky
Mananara,MG,-16.17,49.77,64.85,94,44,4.85,scattered clouds
Batemans Bay,AU,-35.72,150.18,58.19,53,0,9.26,clear sky
Kyaikkami,MM,16.08,97.57,80.82,83,91,8.41,moderate rain
Nome,US,64.50,-165.41,53.17,71,90,4.61,overcast clouds
Kavieng,PG,-2.57,150.80,84.42,67,19,12.57,few clouds
Ndioum,SN,16.51,-14.65,93.09,35,0,18.68,clear sky
Trairi,BR,-3.28,-39.27,79.43,81,1,14.7,clear sky
Veshkayma,RU,54.05,47.13,67.05,67,35,4.85,scattered clouds
Necochea,AR,-38.55,-58.74,48.04,60,0,0.47,clear sky
Antoniny,UA,49.81,26.88,62.49,71,1,2.3,clear sky
Sai Buri,TH,6.70,101.62,76.93,87,88,4.72,overcast clouds
Okha,RU,53.57,142.95,58.71,68,0,5.32,clear sky
Yar-Sale,RU,66.83,70.83,45.73,87,9,8.84,clear sky
Krasnoselkup,RU,65.70,82.47,43.74,88,8,9.1,clear sky
Clyde River,CA,70.47,-68.59,44.83,81,40,12.66,scattered clouds
Brus Laguna,HN,15.75,-84.48,81.66,80,76,4.79,broken clouds
Elliot,ZA,-31.33,27.85,42.39,35,0,7.4,clear sky
Nhulunbuy,AU,-12.23,136.77,74.01,94,90,4.61,overcast clouds
North Bend,US,43.41,-124.22,97.25,68,1,23.02,clear sky
Ostrovnoy,RU,68.05,39.51,57.43,93,54,11.34,broken clouds
Leh,IN,34.17,77.58,59.52,45,95,4.07,overcast clouds
Pilar,BR,-9.60,-35.96,75.13,94,56,5.37,broken clouds
Kiruna,SE,67.86,20.23,54.52,94,90,3.44,overcast clouds
Namie,JP,37.48,141.00,78.71,77,2,1.01,clear sky
Beringovskiy,RU,63.05,179.32,53.53,66,82,5.68,broken clouds
Alotenango,GT,14.48,-90.81,78.37,72,79,1.21,broken clouds
Te Anau,NZ,-45.42,167.72,43.75,94,64,3.33,broken clouds
Riobamba,EC,-1.67,-78.63,59.07,85,95,5.75,light rain
Boueni,YT,-12.90,45.08,75.18,66,7,10.56,clear sky
Kutum,SD,14.20,24.67,73.24,68,100,4.94,overcast clouds
Paharpur,PK,32.10,70.97,96.53,34,0,6.58,clear sky
Luwuk,ID,-0.95,122.79,75.97,88,71,4.5,broken clouds
High Level,CA,58.52,-117.14,62.71,59,75,8.05,broken clouds
Padang,ID,-0.95,100.35,76.28,85,100,4.32,overcast clouds
Bijapur,IN,16.83,75.70,73.45,83,100,14.79,overcast clouds
Port-Gentil,GA,-0.72,8.78,76.96,83,40,12.66,scattered clouds
Bar Harbor,US,44.39,-68.20,77.34,91,90,4.0,mist
Phan Thiet,VN,10.93,108.10,78.01,88,73,5.77,broken clouds
Henties Bay,NA,-22.12,14.28,58.86,90,29,9.91,scattered clouds
Tual,ID,-5.67,132.75,80.46,82,91,18.88,overcast clouds
Kyshtovka,RU,56.55,76.63,61.5,99,100,8.77,light rain
Tumwater,US,47.01,-122.91,88.34,45,1,10.36,clear sky
Ron,IN,15.67,75.73,72.27,89,98,10.78,overcast clouds
Saint-Junien,FR,45.88,0.90,70.38,77,1,2.04,clear sky
Jiangmen,CN,22.58,113.08,79.93,96,100,2.21,light rain
Laguna,US,38.42,-121.42,104.22,23,1,3.0,clear sky
Mount Gambier,AU,-37.83,140.77,51.71,93,75,9.22,light rain
Sorong,ID,-0.88,131.25,76.8,89,92,9.04,overcast clouds
San Joaquin,US,37.93,-121.30,103.78,25,1,8.05,clear sky
Menongue,AO,-14.66,17.69,57.7,26,0,4.52,clear sky
Aksu,CN,41.12,80.26,71.42,51,39,7.61,scattered clouds
Orodara,BF,10.95,-4.93,73.78,93,98,2.59,overcast clouds
Kanye,BW,-24.97,25.33,52.05,71,2,17.92,clear sky
Piste,MX,20.70,-88.58,90.61,48,98,5.32,overcast clouds
Shumyachi,RU,53.86,32.42,62.11,96,34,5.79,light rain
Quang Ngai,VN,15.12,108.80,79.07,80,99,4.72,overcast clouds
Sorokino,RU,53.75,84.92,57.36,87,47,0.18,scattered clouds
Longyearbyen,SJ,78.22,15.64,46.24,81,0,5.75,clear sky
Benguela,AO,-12.58,13.41,72.21,84,0,6.6,clear sky
Shizunai,JP,42.33,142.37,58.64,92,100,4.43,overcast clouds
Dickson,US,36.08,-87.39,94.87,61,20,1.99,few clouds
Hamilton,US,39.18,-84.53,89.92,79,1,1.01,clear sky
Yangshe,CN,31.89,120.61,78.31,94,100,5.17,overcast clouds
Boralday,KZ,43.36,76.86,62.46,51,0,4.47,clear sky
Batagay,RU,67.63,134.63,69.35,36,100,4.59,overcast clouds
Horodyshche,UA,49.28,31.45,73.69,57,97,10.74,overcast clouds
Quatre Cocos,MU,-20.21,57.76,68.11,83,71,2.08,light rain
Kitzbuhel,AT,47.45,12.39,65.91,84,64,3.87,broken clouds
Hsinchu,TW,24.80,120.97,80.33,83,100,5.21,light rain
Bintulu,MY,3.17,113.03,77.41,94,40,3.44,scattered clouds
Guangyuan,CN,32.44,105.82,74.14,70,100,4.14,overcast clouds
Reze,FR,47.18,-1.55,63.32,88,0,5.75,clear sky
Constitucion,CL,-35.33,-72.42,52.0,69,0,11.99,clear sky
Goose Creek,US,32.98,-80.03,90.09,76,40,10.36,scattered clouds
Sao Joao Da Barra,BR,-21.64,-41.05,73.49,87,7,16.84,clear sky
Banepa,NP,27.63,85.52,71.92,94,40,2.3,scattered clouds
Manokwari,ID,-0.87,134.08,79.3,74,98,7.36,overcast clouds
Ormond Beach,US,29.29,-81.06,89.1,64,40,9.22,scattered clouds
Khvorostyanka,RU,52.61,48.96,71.83,52,16,6.11,few clouds
Nyurba,RU,63.28,118.33,58.59,74,100,4.12,overcast clouds
Jalu,LY,29.03,21.55,85.71,49,0,9.08,clear sky
Perelyub,RU,51.87,50.37,73.92,43,13,7.45,few clouds
Deming,US,32.27,-107.76,89.49,33,20,5.75,few clouds
Valle De Allende,MX,26.93,-105.40,88.93,21,99,12.84,overcast clouds
Coahuayana,MX,18.73,-103.68,87.28,67,91,5.03,overcast clouds
Villa Carlos Paz,AR,-31.42,-64.50,54.68,44,0,3.0,clear sky
Dixon,US,38.45,-121.82,106.25,19,1,0.0,clear sky
Kuragino,RU,53.90,92.67,60.8,97,100,1.48,overcast clouds
Cherskiy,RU,68.75,161.30,49.98,65,14,1.34,few clouds
Qaqortoq,GL,60.72,-46.03,59.5,53,85,3.65,overcast clouds
Xining,CN,36.62,101.77,57.83,67,99,2.84,overcast clouds
Zandak,RU,43.06,46.46,73.11,66,78,6.46,broken clouds
Jardim,BR,-21.48,-56.14,67.8,56,37,8.52,scattered clouds
Las Choapas,MX,17.93,-94.08,86.29,66,62,12.68,broken clouds
Ugoofaaru,MV,5.67,73.00,82.17,75,100,16.75,overcast clouds
Acarau,BR,-2.89,-40.12,79.59,81,0,18.45,clear sky
Carmen,MX,18.63,-91.83,89.64,55,20,5.75,few clouds
Palasbari,IN,26.14,91.55,78.58,93,100,1.32,overcast clouds
Waterloo,CA,43.47,-80.52,80.64,78,90,16.11,overcast clouds
Sechura,PE,-5.56,-80.82,72.77,59,6,16.67,clear sky
Fairbanks,US,64.84,-147.72,60.76,85,90,10.36,light rain
Morgantown,US,39.63,-79.96,74.25,88,75,8.05,thunderstorm
Banfora,BF,10.63,-4.77,75.02,91,96,2.35,light rain
Babu,CN,24.42,111.52,77.2,96,100,3.24,overcast clouds
Tura,IN,25.52,90.22,75.15,97,100,6.53,overcast clouds
Fonte Boa,BR,-2.50,-66.27,84.58,63,86,2.48,overcast clouds
Nemuro,JP,43.32,145.57,57.47,86,100,25.48,overcast clouds
Mirnyy,RU,62.54,113.96,58.6,79,100,4.16,overcast clouds
Kariba,ZW,-16.52,28.80,65.77,36,1,6.33,clear sky
Ixtapa,MX,20.70,-105.20,84.22,94,90,5.75,thunderstorm
Dzhebariki-Khaya,RU,62.22,135.80,67.21,54,96,3.98,overcast clouds
Kibaya,TZ,-5.30,36.57,57.02,79,11,4.18,few clouds
Shwebo,MM,22.57,95.70,81.75,77,100,9.46,overcast clouds
Balingasay,PH,16.36,119.86,80.17,82,96,9.24,light rain
Demyanovo,RU,60.35,47.08,60.13,78,82,7.05,broken clouds
Kasaragod,IN,12.50,75.00,78.06,89,92,2.8,overcast clouds
Santa Isabel Do Rio Negro,BR,-0.41,-65.02,82.2,70,37,1.43,scattered clouds
Ulaanbaatar,MN,47.91,106.88,41.13,87,39,0.0,scattered clouds
Huarmey,PE,-10.07,-78.15,66.83,73,2,11.74,clear sky
Panchagarh,BD,26.33,88.56,81.16,89,100,7.38,light rain
Diffa,NE,13.32,12.61,82.96,62,100,6.8,overcast clouds
Arlit,NE,18.74,7.39,98.4,20,7,6.67,clear sky
Sabang,ID,5.89,95.32,79.45,84,100,20.51,overcast clouds
Cartagena,CO,10.40,-75.51,87.42,74,40,12.66,scattered clouds
Indi,IN,17.17,75.97,77.68,73,100,14.03,overcast clouds
Magnor,SE,59.95,12.20,59.9,85,73,1.81,broken clouds
Marsa Matruh,EG,31.35,27.25,80.83,72,0,14.9,clear sky
Bima,ID,-8.47,118.72,72.05,92,16,4.47,few clouds
Megion,RU,61.03,76.11,55.42,80,93,14.0,overcast clouds
Arman,RU,59.70,150.17,63.77,66,51,0.81,broken clouds
Bilibino,RU,68.05,166.44,54.61,58,13,5.84,few clouds
Stupino,RU,54.90,38.07,67.75,74,100,7.02,light rain
Plettenberg Bay,ZA,-34.05,23.37,53.2,52,0,2.15,clear sky
Gondanglegi,ID,-7.75,112.01,71.85,82,79,14.47,broken clouds
Raga,SS,8.46,25.68,69.42,95,100,3.94,overcast clouds
Rockford,US,42.27,-89.09,92.66,68,40,14.97,scattered clouds
Husavik,IS,66.04,-17.34,64.31,55,100,6.24,overcast clouds
Rawson,AR,-43.30,-65.10,47.16,74,46,22.1,scattered clouds
Port Macquarie,AU,-31.43,152.92,44.56,64,2,7.14,clear sky
Khani,GE,41.96,42.96,65.77,97,100,1.54,overcast clouds
Ajdabiya,LY,30.76,20.23,83.64,55,0,11.72,clear sky
Margate,GB,51.38,1.39,64.69,75,79,1.01,broken clouds
Ola,RU,59.58,151.28,59.76,75,42,1.81,scattered clouds
Byron Bay,AU,-28.65,153.62,57.15,69,45,3.18,scattered clouds
Ca Mau,VN,9.18,105.15,78.48,90,83,4.27,broken clouds
Mandalgarh,IN,25.20,75.10,76.89,75,51,10.09,broken clouds
Mvomero,TZ,-6.25,38.67,66.9,88,1,3.42,clear sky
Inhambane,MZ,-23.86,35.38,68.07,61,100,11.25,overcast clouds
Sheregesh,RU,52.92,87.99,53.56,92,11,2.95,few clouds
Ashdod,IL,31.82,34.65,82.8,82,0,2.84,clear sky
Dawlatabad,AF,36.41,64.91,76.95,18,0,7.23,clear sky
Warmbad,NA,-28.45,18.73,56.28,29,0,15.14,clear sky
Balikpapan,ID,-1.27,116.83,81.59,89,20,4.61,few clouds
Hopelchen,MX,19.77,-89.85,97.14,30,56,5.97,broken clouds
Reynosa,MX,26.08,-98.28,96.91,40,1,19.57,clear sky
Puerto Narino,CO,-3.77,-70.38,87.75,64,80,1.5,broken clouds
Ambon,ID,-3.70,128.18,75.34,94,40,2.3,scattered clouds
General Roca,AR,-39.03,-67.58,61.2,22,1,11.99,clear sky
Teguldet,RU,57.31,88.17,61.59,98,100,4.43,light rain
Maldonado,UY,-34.67,-54.92,47.23,64,100,9.31,overcast clouds
Camacupa,AO,-12.02,17.48,62.78,23,0,3.18,clear sky
Artyom,AZ,40.47,50.33,78.94,64,81,4.52,broken clouds
Deputatskiy,RU,69.30,139.90,66.97,44,79,3.22,broken clouds
Durango,MX,24.83,-104.83,82.67,26,63,14.18,broken clouds
San Ramon De La Nueva Oran,AR,-23.13,-64.33,61.43,48,81,3.0,broken clouds
Concepcion,CL,-36.83,-73.05,55.2,67,0,11.5,clear sky
Cangzhou,CN,38.32,116.87,74.34,92,61,0.29,broken clouds
Parrita,CR,9.52,-84.32,89.26,75,91,4.92,light rain
Ostend,BE,51.22,2.91,62.91,86,0,6.91,clear sky
Espanola,US,35.99,-106.08,92.14,27,100,19.3,overcast clouds
Yeppoon,AU,-23.13,150.73,58.78,76,14,14.99,few clouds
Abu Samrah,SY,35.30,37.18,77.74,62,0,7.11,clear sky
Fuxin,CN,42.02,121.66,65.07,94,100,4.05,overcast clouds
Kipushi,CD,-11.77,27.23,59.76,30,0,4.56,clear sky
Zyryanka,RU,65.75,150.85,70.72,44,38,9.66,scattered clouds
Chapais,CA,49.78,-74.85,67.78,94,100,2.04,overcast clouds
Kamaishi,JP,39.27,141.88,67.41,89,99,6.02,overcast clouds
Inirida,CO,3.87,-67.92,77.85,89,100,0.69,overcast clouds
Catamarca,AR,-28.47,-65.79,56.59,54,1,4.43,clear sky
Vostok,RU,46.49,135.88,52.59,69,68,2.77,broken clouds
Sheridan,US,44.83,-106.92,93.58,15,1,7.0,clear sky
Taua,BR,-5.97,-40.30,84.42,40,96,8.68,overcast clouds
Alyangula,AU,-13.85,136.42,64.27,94,90,0.0,overcast clouds
Agadir,MA,30.42,-9.60,68.45,88,5,3.15,clear sky
Juneau,US,58.30,-134.42,59.05,96,90,14.97,moderate rain
Yaan,NG,7.38,8.57,72.48,96,85,4.83,light rain
Solnechnyy,RU,50.72,136.63,58.15,71,0,3.83,clear sky
Atasu,KZ,48.68,71.64,61.74,72,97,4.54,overcast clouds
Punta Alta,AR,-38.88,-62.07,51.01,44,7,7.58,clear sky
Auki,SB,-8.77,160.70,81.0,78,39,5.41,scattered clouds
Liwale,TZ,-9.77,37.93,62.98,83,4,3.11,clear sky
Hays,US,30.05,-98.03,96.71,46,3,8.01,clear sky
Clarksdale,US,34.20,-90.57,94.98,49,75,8.05,broken clouds
Constantine,DZ,36.37,6.61,96.21,13,20,12.66,few clouds
Bandarbeyla,SO,9.49,50.81,76.32,78,97,27.25,overcast clouds
Gornyy,RU,55.12,83.91,59.79,75,50,3.98,scattered clouds
Salalah,OM,17.02,54.09,77.09,94,90,3.44,light intensity drizzle
Agadez,NE,19.75,10.25,94.6,10,64,10.6,broken clouds
Barentu,ER,15.11,37.59,70.77,82,6,4.34,clear sky
College,US,64.86,-147.80,60.75,86,90,10.36,light rain
Vao,NC,-22.67,167.48,67.06,62,89,23.2,overcast clouds
Yantai,CN,37.53,121.40,74.89,84,38,4.52,scattered clouds
Dong Hoi,VN,17.48,106.60,84.34,73,100,5.21,light rain
Nuevo Progreso,MX,23.17,-97.95,91.54,51,0,5.99,clear sky
Praia Da Vitoria,PT,38.73,-27.07,77.25,69,20,6.44,few clouds
Lakatoro,VU,-16.10,167.42,75.87,74,98,21.12,overcast clouds
Baykit,RU,61.67,96.37,55.04,74,48,1.7,scattered clouds
Vieste,IT,41.88,16.18,81.54,66,64,4.27,broken clouds
Abu Dhabi,AE,24.47,54.37,96.91,59,0,1.14,clear sky
Komsomolskiy,UZ,40.43,71.72,74.12,46,0,4.61,clear sky
Kloulklubed,PW,7.04,134.26,75.7,71,99,6.08,moderate rain
Houston,US,29.76,-95.36,97.16,56,20,8.01,few clouds
Manoel Urbano,BR,-8.84,-69.26,91.02,33,53,1.41,broken clouds
Sampit,ID,-2.53,112.95,72.0,98,34,2.48,scattered clouds
Altamont,US,42.21,-121.74,92.79,16,1,1.99,clear sky
Vicente Guerrero,MX,19.12,-98.17,72.45,40,19,8.46,few clouds
Ordzhonikidze,KZ,52.44,61.74,57.69,86,31,9.48,scattered clouds
Mazatlan,MX,23.22,-106.42,91.02,76,96,1.01,overcast clouds
San Vicente,AR,-26.62,-54.13,54.0,97,100,3.94,light rain
Chiang Klang,TH,19.29,100.86,75.25,99,100,1.21,overcast clouds
Bitung,ID,1.45,125.18,74.25,83,68,7.76,broken clouds
Arkhara,RU,49.42,130.08,56.46,78,17,6.26,few clouds
Artigas,UY,-30.40,-56.47,50.38,78,79,8.59,broken clouds
Nizhniy Kuranakh,RU,58.84,125.49,62.83,76,89,4.05,overcast clouds
Albesti,RO,47.70,27.07,70.21,61,0,3.71,light rain
Turukhansk,RU,65.82,87.98,52.7,75,100,9.4,overcast clouds
Burnie,AU,-41.07,145.92,54.91,95,100,21.45,light rain
Mercedes,AR,-34.65,-59.43,47.84,65,2,3.44,clear sky
Barra Patuca,HN,15.80,-84.28,81.64,80,96,7.61,overcast clouds
Orumiyeh,IR,37.55,45.08,58.55,58,0,6.91,clear sky
Adrar,MR,20.50,-10.07,92.59,14,4,13.47,clear sky
Darnah,LY,32.77,22.64,80.92,74,0,15.73,clear sky
Iwanai,JP,42.97,140.51,58.68,95,100,5.32,overcast clouds
Trapani,IT,37.83,12.67,98.78,20,0,8.05,clear sky
Lebanon,US,36.21,-86.29,95.79,51,1,11.5,clear sky
Zacapoaxtla,MX,19.88,-97.58,65.43,86,43,6.91,scattered clouds
Tazovskiy,RU,67.47,78.70,42.12,89,1,6.96,clear sky
Tarbagatay,RU,51.48,107.36,53.13,70,22,2.8,few clouds
Wuzhou,CN,23.48,111.32,76.75,97,100,2.17,overcast clouds
Pemba,MZ,-12.97,40.52,73.8,69,0,14.63,clear sky
Ossora,RU,59.24,163.07,63.28,53,100,3.65,overcast clouds
Kununurra,AU,-15.77,128.73,71.58,68,4,9.22,clear sky
Pringsewu,ID,-5.36,104.97,72.41,98,66,0.85,broken clouds
Paso De Los Toros,UY,-32.82,-56.52,47.77,70,98,8.75,overcast clouds
Payakumbuh,ID,-0.22,100.63,68.36,95,98,2.39,overcast clouds
Iquitos,PE,-3.75,-73.25,93.24,52,40,4.61,scattered clouds
Nicoya,CR,10.15,-85.45,90.95,74,74,3.85,broken clouds
Hirara,JP,24.80,125.28,79.07,100,75,3.44,broken clouds
Kalawit,PH,8.07,122.52,76.55,89,93,6.04,overcast clouds
Pueblo Nuevo,MX,23.38,-105.38,66.07,83,95,4.97,overcast clouds
Meulaboh,ID,4.14,96.13,73.92,96,100,0.63,overcast clouds
Kedrovyy,RU,56.17,91.82,52.21,91,84,2.66,broken clouds
Ilo,PE,-17.64,-71.34,61.83,78,15,9.98,few clouds
Neijiang,CN,29.58,105.06,76.21,91,100,2.64,light rain
Yalta,UA,44.50,34.17,73.62,77,100,7.92,overcast clouds
Colares,PT,38.80,-9.45,67.68,76,20,25.32,few clouds
Marzuq,YE,14.40,46.47,81.72,56,56,7.43,broken clouds
Aklavik,CA,68.22,-135.01,52.63,82,90,9.22,overcast clouds
Karratha,AU,-20.74,116.85,61.29,48,1,14.92,clear sky
Sibu,MY,2.30,111.82,75.51,100,40,2.3,scattered clouds
Taksimo,RU,56.34,114.88,58.5,96,100,1.72,overcast clouds
Kailua,US,21.40,-157.74,87.06,65,90,10.36,overcast clouds
Zbarazh,UA,49.66,25.78,63.57,70,1,3.87,clear sky
Thinadhoo,MV,0.53,72.93,81.12,74,70,3.78,light rain
Kargasok,RU,59.06,80.86,60.84,75,92,7.7,overcast clouds
Xuddur,SO,4.12,43.89,70.88,68,33,16.55,scattered clouds
Katra,IN,32.98,74.95,71.33,83,2,7.25,clear sky
Sterling,US,39.01,-77.43,92.77,70,75,10.36,thunderstorm
Bongaree,AU,-27.08,153.16,62.15,74,87,5.77,overcast clouds
Cabedelo,BR,-6.98,-34.83,75.87,87,24,12.28,few clouds
Berwick,US,41.05,-76.23,86.22,74,41,7.65,scattered clouds
Kathmandu,NP,27.72,85.32,73.62,94,40,2.3,scattered clouds
Camopi,GF,3.17,-52.32,75.0,92,93,2.46,overcast clouds
Soroca,MD,48.16,28.30,62.4,66,0,5.06,clear sky
Zhezkazgan,KZ,47.80,67.71,69.15,46,61,7.16,broken clouds
Moctezuma,MX,29.80,-109.67,85.95,59,80,13.13,broken clouds
Sembe,CG,1.65,14.58,76.23,70,98,2.71,overcast clouds
Tanete,ID,-3.94,119.78,72.72,96,54,5.44,broken clouds
Lata,PT,40.16,-8.33,66.04,97,6,1.54,clear sky
Wufeng,CN,27.45,104.83,60.1,95,100,0.65,overcast clouds
Lavrentiya,RU,65.58,-171.00,44.6,75,59,4.76,broken clouds
Guymon,US,36.68,-101.48,104.0,15,1,21.85,clear sky
Gizo,SB,-8.10,156.84,82.26,74,11,4.76,few clouds
Baker City,US,44.77,-117.83,85.59,22,1,6.91,clear sky
Aden,YE,12.78,45.04,85.55,67,58,3.78,broken clouds
Emirdag,TR,39.02,31.15,63.5,60,0,5.08,clear sky
Paragominas,BR,-2.97,-47.48,80.06,60,57,4.12,broken clouds
Pantayivka,UA,48.67,32.88,69.26,73,51,11.18,broken clouds
Salinopolis,BR,-0.61,-47.36,79.23,85,46,11.61,moderate rain
Santa Maria,BR,-29.68,-53.81,56.5,88,75,3.44,broken clouds
Diego De Almagro,CL,-26.37,-70.05,64.13,33,0,6.26,clear sky
Korla,CN,41.76,86.15,71.74,40,16,5.79,few clouds
Kidal,ML,18.44,1.41,83.84,52,100,4.05,overcast clouds
Kyabram,AU,-36.32,145.05,50.88,63,24,13.85,few clouds
Filingue,NE,14.35,3.32,83.12,65,78,8.21,broken clouds
Cristalina,BR,-16.77,-47.61,69.48,34,41,1.5,scattered clouds
Lompoc,US,34.64,-120.46,90.21,66,1,14.97,clear sky
